{"train_loss_mean": [4.303652641296387], "train_loss_std": [1.2625812072115197], "train_accuracy_mean": [0.2662800002545118], "train_accuracy_std": [0.050073117879089205], "train_loss_importance_vector_0_mean": [0.18666666746139526], "train_loss_importance_vector_0_std": [0.0], "train_loss_importance_vector_1_mean": [0.18666666746139526], "train_loss_importance_vector_1_std": [0.0], "train_loss_importance_vector_2_mean": [0.18666666746139526], "train_loss_importance_vector_2_std": [0.0], "train_loss_importance_vector_3_mean": [0.18666666746139526], "train_loss_importance_vector_3_std": [0.0], "train_loss_importance_vector_4_mean": [0.25333333015441895], "train_loss_importance_vector_4_std": [0.0], "train_learning_rate_mean": [0.0010000000000000005], "train_learning_rate_std": [4.336808689942018e-19], "val_loss_mean": [2.937809269030889], "val_loss_std": [0.5200051477984972], "val_accuracy_mean": [0.2646888899306456], "val_accuracy_std": [0.0490420784025221], "val_loss_importance_vector_0_mean": [0.18666666746139526], "val_loss_importance_vector_0_std": [0.0], "val_loss_importance_vector_1_mean": [0.18666666746139526], "val_loss_importance_vector_1_std": [0.0], "val_loss_importance_vector_2_mean": [0.18666666746139526], "val_loss_importance_vector_2_std": [0.0], "val_loss_importance_vector_3_mean": [0.18666666746139526], "val_loss_importance_vector_3_std": [0.0], "val_loss_importance_vector_4_mean": [0.25333333015441895], "val_loss_importance_vector_4_std": [0.0]}